floor_area,energy_rating,num_occupants,electric_heating,property_type,num_bedrooms,house_age,energy_plan,monthly_bill
1227,7,2,0,semi_detached,3,33,gas,78.43
1557,10,5,1,semi_detached,4,64,dual,129.11
2292,8,8,0,detached,5,55,dual,153.61
2149,7,8,0,detached,5,40,dual,104.98
1603,11,5,0,semi_detached,4,113,electricity,125.07
474,13,2,0,terraced,1,67,electricity,88.82
527,7,1,0,apartment,1,31,dual,50
2500,12,4,0,detached,6,50,gas,252.3
623,10,1,0,semi_detached,2,45,dual,50
1610,10,5,0,semi_detached,4,28,dual,147.95
1148,8,2,0,semi_detached,3,45,gas,70.46
1549,5,3,0,semi_detached,4,3,dual,85.68
953,5,2,0,apartment,2,35,gas,55.48
1102,11,4,1,terraced,3,48,electricity,269.25
690,12,3,0,terraced,2,38,gas,80.51
1207,6,3,0,terraced,3,21,dual,59.48
2500,1,6,0,detached,6,29,dual,97.89
1153,14,2,1,terraced,3,38,dual,92.38
1201,4,2,0,semi_detached,3,43,dual,50.48
1647,7,2,0,semi_detached,4,68,electricity,74.32
1380,11,3,0,detached,3,0,electricity,116.61
1287,4,2,0,apartment,3,4,electricity,59.99
1192,15,3,0,semi_detached,3,58,gas,150
1121,7,2,0,semi_detached,3,31,electricity,58.9
2190,12,6,0,detached,5,36,gas,267.49
752,7,1,1,terraced,2,27,dual,50
1113,6,2,0,terraced,3,3,dual,61.48
710,6,1,0,terraced,2,24,gas,50
1124,10,2,0,terraced,3,37,dual,73.42
1937,7,6,0,detached,4,3,electricity,92.22
1150,15,4,0,semi_detached,3,61,dual,204.12
482,4,1,0,apartment,1,12,electricity,50
1267,11,3,0,semi_detached,3,50,electricity,156.29
1138,10,4,0,semi_detached,3,36,gas,94.4
1967,1,3,0,detached,5,20,dual,63.68
1927,15,7,0,semi_detached,5,56,gas,231.3
1614,13,5,0,semi_detached,4,54,gas,145.69
1641,8,4,0,semi_detached,4,30,dual,105.29
725,9,2,0,semi_detached,2,23,dual,75.05
1121,8,3,0,semi_detached,3,18,gas,98.27
1220,6,1,0,semi_detached,3,2,dual,54.41
873,9,2,1,semi_detached,2,54,dual,103
2319,10,4,1,detached,5,47,dual,110.74
1307,11,1,0,semi_detached,3,88,dual,73.83
1149,13,3,0,semi_detached,3,55,dual,111.06
874,8,1,1,semi_detached,2,41,electricity,52.07
1131,15,3,0,terraced,3,73,gas,147.17
464,3,2,0,apartment,1,15,electricity,62.09
400,9,2,0,terraced,1,53,dual,50
462,7,2,0,apartment,1,12,gas,53.66
530,8,1,0,apartment,1,6,dual,50
1594,11,3,0,semi_detached,4,49,dual,76.66
844,7,1,0,semi_detached,2,28,electricity,50
810,8,2,0,semi_detached,2,20,dual,64.27
2038,5,6,0,semi_detached,5,33,dual,106.83
718,9,3,1,terraced,2,32,electricity,87.35
400,1,1,0,apartment,1,5,electricity,50
400,12,1,0,terraced,1,53,electricity,67.86
1208,7,2,1,semi_detached,3,34,electricity,100.78
810,10,2,0,semi_detached,2,35,dual,65.31
813,14,1,0,terraced,2,38,electricity,130.84
1259,9,3,0,semi_detached,3,20,gas,98.95
951,6,1,0,apartment,2,18,gas,50.37
2307,5,6,1,detached,5,33,electricity,249.1
1113,9,4,0,terraced,3,44,electricity,76.53
797,10,2,1,terraced,2,75,gas,160.13
979,14,3,0,semi_detached,3,44,gas,208.01
769,8,2,0,terraced,2,19,dual,54.88
772,7,2,1,semi_detached,2,24,dual,99.05
446,1,1,0,apartment,1,2,electricity,50
748,11,3,0,terraced,2,62,electricity,165.42
1560,11,4,0,terraced,4,40,gas,126.04
823,,2,0,semi_detached,2,71,electricity,108.92
2333,12,5,0,detached,5,64,dual,177.01
1202,4,1,0,semi_detached,3,34,dual,53.58
1119,8,2,0,semi_detached,3,32,electricity,68
1146,9,3,0,terraced,3,57,dual,63.65
400,3,1,0,apartment,1,13,electricity,50
1632,15,2,0,semi_detached,4,48,gas,185.87
1341,15,4,1,semi_detached,3,61,electricity,283.38
1100,7,1,1,semi_detached,3,26,electricity,114.03
1241,13,3,0,semi_detached,3,65,dual,121.5
785,11,2,1,terraced,2,44,gas,73.07
1612,7,3,1,semi_detached,4,27,gas,87.64
400,5,1,1,terraced,1,26,dual,50
400,7,1,0,semi_detached,1,44,dual,50
1694,4,2,1,detached,4,34,electricity,144.25
837,11,1,1,terraced,2,50,gas,66.37
1148,10,2,0,terraced,3,35,dual,78.34
2119,8,5,0,semi_detached,5,42,electricity,154.8
1816,3,5,0,detached,4,14,dual,74.31
725,12,1,0,terraced,2,40,dual,78.22
1591,9,5,0,semi_detached,4,23,dual,155.11
1158,15,2,0,semi_detached,3,56,dual,186.94
872,10,2,0,semi_detached,2,53,dual,79.95
1403,3,2,0,apartment,3,5,gas,53.43
1178,14,3,0,terraced,3,48,gas,173.37
1612,5,4,0,semi_detached,4,27,electricity,108.05
1173,11,3,0,semi_detached,3,29,dual,78.21
1217,9,2,0,semi_detached,3,35,dual,87.1
1159,8,3,0,semi_detached,3,10,gas,77.67
1166,2,1,0,semi_detached,3,6,dual,50
1108,15,4,0,semi_detached,3,50,electricity,213.83
791,11,3,1,terraced,2,36,dual,125.25
2018,7,5,0,semi_detached,5,29,gas,110.28
449,4,1,0,apartment,1,0,gas,50
1885,10,4,1,detached,4,34,electricity,140.16
1739,8,4,0,semi_detached,4,21,dual,119.28
830,6,3,1,semi_detached,2,40,electricity,115.43
2058,9,5,0,semi_detached,5,59,dual,159.84
1705,8,5,0,detached,4,21,electricity,136.58
1313,9,2,0,semi_detached,3,36,dual,53.61
954,2,2,0,apartment,2,12,dual,50
1181,10,4,1,terraced,3,72,electricity,194.02
400,7,2,0,apartment,1,28,dual,50
1866,12,4,0,detached,4,27,gas,192.43
1550,8,3,0,semi_detached,4,26,dual,100.41
1266,10,3,0,semi_detached,3,51,electricity,99.69
798,9,2,0,terraced,2,47,electricity,87.61
854,11,2,0,semi_detached,2,57,dual,79.97
1241,4,2,0,semi_detached,3,27,gas,61.19
1031,10,1,0,terraced,3,38,electricity,65.72
796,13,2,0,semi_detached,2,37,dual,146.97
1633,11,5,1,semi_detached,4,44,dual,239.81
1966,8,8,0,semi_detached,5,48,gas,96.05
1641,9,3,0,semi_detached,4,54,electricity,131.36
683,12,1,0,terraced,2,72,electricity,74.59
1207,13,3,1,terraced,3,26,dual,106.83
1247,10,1,0,semi_detached,3,98,dual,78.75
451,8,1,0,apartment,1,10,electricity,50
1568,8,2,0,semi_detached,4,45,electricity,74.88
1200,9,2,0,semi_detached,3,51,gas,74.45
561,6,2,0,apartment,1,0,electricity,74.53
857,3,2,0,apartment,2,23,dual,55.79
979,11,4,0,terraced,3,49,dual,94.67
1666,15,5,0,semi_detached,4,63,gas,185.54
400,14,1,0,terraced,1,58,gas,93.66
741,15,3,0,terraced,2,70,dual,108.63
768,10,2,0,semi_detached,2,42,dual,105.02
727,11,2,1,semi_detached,2,39,electricity,68.46
878,6,1,0,apartment,2,23,gas,51.88
2500,12,4,1,detached,6,52,electricity,382.26
400,9,2,1,terraced,1,30,electricity,54.12
408,8,1,0,apartment,1,31,electricity,50
1167,4,3,0,semi_detached,3,3,dual,53.52
1509,8,3,0,terraced,4,9,dual,73.82
1120,,2,0,terraced,3,111,dual,181.58
787,12,2,1,terraced,2,65,electricity,211.24
812,13,2,0,semi_detached,2,56,gas,94.83
1526,6,5,1,semi_detached,4,19,dual,129.94
1194,12,3,0,semi_detached,3,67,gas,192.13
400,11,1,0,semi_detached,1,50,electricity,50
465,6,1,1,apartment,1,3,dual,53.3
451,3,1,0,apartment,1,3,electricity,50
470,10,2,0,apartment,1,19,dual,76.41
2032,9,5,0,semi_detached,5,51,gas,170.17
794,15,3,1,semi_detached,2,64,dual,139.82
917,11,1,0,semi_detached,2,46,electricity,77.56
1669,4,5,0,semi_detached,4,11,electricity,75.44
644,12,2,0,terraced,2,46,dual,88.74
1465,15,3,1,terraced,4,67,gas,173.47
466,3,2,0,apartment,1,9,dual,50
1246,10,1,0,semi_detached,3,37,gas,75.71
1167,12,2,0,terraced,3,46,dual,118.44
939,4,2,0,apartment,2,19,dual,50
799,7,2,1,semi_detached,2,51,electricity,65.1
535,6,1,0,apartment,1,21,dual,50
2026,12,8,0,semi_detached,5,70,dual,161.38
516,5,2,0,apartment,1,11,gas,56.55
1341,7,3,0,detached,3,36,dual,65.98
1388,8,2,1,semi_detached,3,51,dual,137.18
2500,11,5,0,detached,6,68,electricity,225.35
400,10,2,0,semi_detached,1,26,dual,73.4
1281,3,2,1,semi_detached,3,26,electricity,65.26
1295,13,2,0,terraced,3,75,electricity,95.8
1206,12,2,0,semi_detached,3,35,gas,75.45
1452,12,3,1,terraced,4,69,gas,204.57
2452,7,5,0,detached,5,57,gas,115.61
443,4,2,0,apartment,1,17,dual,50
400,8,1,1,apartment,1,37,gas,67.93
1179,6,4,0,semi_detached,3,46,dual,84.52
433,3,1,0,apartment,1,3,electricity,50
400,10,2,1,terraced,1,40,electricity,118.65
1287,7,2,0,semi_detached,3,45,dual,71.5
453,8,2,0,apartment,1,1,gas,58.48
863,10,1,0,apartment,2,30,dual,65.83
400,5,2,0,apartment,1,2,dual,50
453,2,2,0,apartment,1,2,electricity,50
1342,1,1,0,apartment,3,4,gas,50
1144,6,4,0,semi_detached,3,26,gas,68.68
1218,12,2,0,semi_detached,3,64,dual,122.01
1117,10,4,0,terraced,3,20,electricity,143.24
1079,11,3,1,terraced,3,54,dual,89.21
784,3,3,0,semi_detached,2,25,gas,51.24
1208,8,2,0,semi_detached,3,56,dual,61.96
439,6,1,0,apartment,1,21,dual,50
1092,10,1,0,terraced,3,27,dual,50
1160,14,2,0,semi_detached,3,71,dual,146.71
790,9,3,0,terraced,2,4,dual,57.48
756,14,1,0,terraced,2,72,gas,98.52
1191,8,2,0,semi_detached,3,32,dual,50
1587,1,2,0,detached,4,13,dual,50
400,10,2,1,terraced,1,34,electricity,96.3
422,6,1,0,apartment,1,25,electricity,50
1698,8,5,1,semi_detached,4,34,dual,213.48
821,14,1,0,terraced,2,69,dual,77.84
2398,11,6,0,detached,5,48,electricity,275.88
1131,,1,0,semi_detached,3,95,dual,72.42
413,3,1,0,apartment,1,22,dual,50
803,15,1,0,semi_detached,2,64,electricity,91.59
519,7,1,1,apartment,1,43,gas,50
2187,11,5,0,detached,5,61,gas,220.24
1055,2,3,0,semi_detached,3,3,dual,58.67
704,13,2,0,semi_detached,2,60,dual,97.8
1195,12,4,0,semi_detached,3,25,dual,170.42
1161,7,3,1,semi_detached,3,55,gas,58.02
1237,9,3,0,terraced,3,31,gas,75.33
1287,14,2,0,semi_detached,3,50,electricity,184.21
1371,6,4,0,semi_detached,3,30,dual,115.03
400,12,2,0,terraced,1,41,gas,107.35
1345,6,2,0,detached,3,69,dual,50
1674,9,4,0,semi_detached,4,20,electricity,104.14
1859,6,3,0,detached,4,57,gas,80.87
1236,14,4,0,semi_detached,3,64,dual,212.5
830,11,2,0,semi_detached,2,30,dual,65.14
1111,15,3,0,semi_detached,3,59,gas,206.31
965,12,2,0,detached,2,66,dual,87
772,15,2,0,terraced,2,67,dual,123.36
664,5,2,1,semi_detached,2,18,electricity,50
734,7,1,1,terraced,2,20,gas,78.37
1585,7,3,0,semi_detached,4,20,electricity,123.5
444,4,2,0,apartment,1,10,electricity,50
1045,,3,1,terraced,3,122,gas,128.02
1626,7,4,0,semi_detached,4,50,dual,78.51
1525,6,4,1,semi_detached,4,22,gas,125.55
2241,3,4,0,detached,5,53,dual,84.26
461,2,2,0,apartment,1,12,dual,50
1679,11,4,0,terraced,4,62,dual,164.35
463,7,1,0,apartment,1,10,gas,50
2281,,6,0,detached,5,75,dual,143.86
503,6,2,0,apartment,1,1,electricity,58.61
1196,8,3,0,semi_detached,3,23,dual,98.14
1595,6,5,0,semi_detached,4,33,electricity,127.45
449,7,2,0,apartment,1,9,dual,50
1060,15,4,0,terraced,3,68,dual,139.07
833,15,3,1,semi_detached,2,48,gas,171.47
738,8,2,0,semi_detached,2,65,electricity,62.12
1174,13,3,0,semi_detached,3,39,dual,102.49
400,9,1,0,semi_detached,1,9,dual,50
1264,7,4,1,semi_detached,3,33,dual,162.52
1222,6,3,0,semi_detached,3,31,dual,63.49
892,7,2,0,apartment,2,23,dual,65.25
1520,6,6,0,semi_detached,4,27,electricity,74.15
712,15,2,1,terraced,2,71,gas,113.59
1183,12,2,0,semi_detached,3,45,dual,69.85
1267,4,2,0,semi_detached,3,13,electricity,61.45
1206,4,2,0,semi_detached,3,43,dual,50
1058,9,3,0,semi_detached,3,26,electricity,119.33
1279,10,3,1,semi_detached,3,26,dual,216.94
1786,5,5,0,detached,4,50,electricity,131.83
1759,12,3,0,detached,4,70,electricity,162.48
468,7,1,1,apartment,1,4,gas,57.06
400,9,1,0,semi_detached,1,49,electricity,50
2033,6,5,0,semi_detached,5,38,gas,99.01
1162,14,1,0,semi_detached,3,55,electricity,110.47
1180,14,2,1,terraced,3,81,dual,210.65
705,5,2,1,terraced,2,20,dual,50
1407,8,6,0,terraced,4,40,gas,152.16
1192,7,3,0,semi_detached,3,32,gas,102.84
1109,10,3,0,terraced,3,70,gas,100.3
1289,15,2,0,semi_detached,3,63,gas,101.9
987,1,1,0,apartment,2,25,gas,50
1365,10,4,0,semi_detached,3,31,gas,142.73
1148,7,3,0,semi_detached,3,33,electricity,115.43
1253,10,3,1,semi_detached,3,42,dual,168.78
965,10,1,0,apartment,2,27,electricity,85.11
1915,11,4,0,detached,4,58,dual,184.34
1324,4,4,0,apartment,3,0,gas,63.63
1170,10,4,0,terraced,3,46,dual,110.83
788,12,1,0,terraced,2,58,electricity,75.63
885,2,1,0,apartment,2,7,dual,50
1160,12,2,0,terraced,3,69,electricity,78.96
1177,8,4,1,terraced,3,44,dual,75.88
1229,7,1,1,semi_detached,3,18,dual,115.78
1565,11,5,0,semi_detached,4,63,dual,167.48
1205,9,4,0,semi_detached,3,60,gas,102.98
1084,7,4,0,terraced,3,24,dual,91.91
1583,10,6,1,semi_detached,4,55,dual,251.46
1279,9,2,0,apartment,3,53,electricity,103.62
2303,5,3,0,detached,5,24,gas,123.52
2019,,6,0,semi_detached,5,71,dual,134.84
901,10,2,0,apartment,2,58,dual,93.78
777,13,1,1,terraced,2,49,gas,66.71
762,11,1,0,terraced,2,50,electricity,75.9
400,10,1,0,semi_detached,1,62,dual,65.36
1545,11,3,0,detached,3,46,gas,88.31
2315,7,7,0,detached,5,85,electricity,97.35
1195,7,4,0,semi_detached,3,8,gas,121.97
1036,15,1,0,semi_detached,3,61,gas,166.55
1652,15,2,1,semi_detached,4,55,dual,363.25
1212,,2,0,semi_detached,3,72,gas,164.67
722,11,1,0,terraced,2,26,gas,60.84
2445,11,5,0,detached,5,31,dual,123.34
1539,12,5,0,semi_detached,4,63,dual,119.14
782,9,2,0,terraced,2,45,electricity,51
2500,11,6,0,detached,6,58,gas,198.59
422,7,1,0,apartment,1,20,dual,50
976,8,1,0,apartment,2,51,dual,65.62
1137,9,4,0,terraced,3,32,gas,144.55
767,14,2,0,terraced,2,68,dual,129.46
1225,10,4,1,semi_detached,3,33,dual,84.64
457,3,1,0,apartment,1,24,dual,50
793,14,3,0,terraced,2,88,gas,245.12
921,6,3,0,apartment,2,33,gas,81.23
889,9,2,0,apartment,2,19,dual,50
981,5,2,0,apartment,2,9,dual,51.93
1276,7,2,0,semi_detached,3,26,electricity,90.64
1891,9,4,0,detached,4,70,dual,88.37
1130,2,2,0,semi_detached,3,2,gas,50
817,10,3,1,terraced,2,47,electricity,129.53
685,8,1,0,terraced,2,54,electricity,65.12
717,8,1,1,terraced,2,32,dual,82.18
1205,11,3,0,semi_detached,3,45,gas,148.72
1236,13,3,0,semi_detached,3,46,gas,203.86
1094,7,4,0,terraced,3,19,electricity,74.22
787,8,3,1,terraced,2,38,gas,71.34
1062,7,3,0,semi_detached,3,7,gas,60.29
1897,15,5,0,detached,4,70,electricity,229.2
1090,10,4,0,terraced,3,70,electricity,99.8
882,6,2,0,semi_detached,3,50,dual,66.71
1191,7,1,1,semi_detached,3,55,gas,96.73
874,5,2,0,detached,2,41,dual,57.47
1827,5,5,1,detached,4,31,dual,111.74
1384,6,4,0,semi_detached,3,62,gas,129.76
1166,8,3,1,semi_detached,3,53,electricity,149.47
1222,13,4,1,semi_detached,3,55,dual,192.32
440,5,1,0,apartment,1,1,dual,50
686,8,2,1,terraced,2,30,dual,50
954,6,1,0,apartment,2,4,dual,50
1178,9,3,0,semi_detached,3,30,dual,108.29
1355,7,1,0,apartment,3,39,dual,69.72
2500,5,7,1,detached,6,21,gas,101.2
1573,12,5,0,semi_detached,4,60,gas,190.55
413,3,2,0,apartment,1,22,gas,50
1647,8,3,1,semi_detached,4,43,dual,163.88
1503,11,4,0,semi_detached,4,29,dual,175.31
807,13,1,1,terraced,2,59,gas,176.19
1878,10,6,0,detached,4,75,gas,111.91
2213,10,5,0,detached,5,59,dual,154.6
922,10,3,1,apartment,2,46,gas,116.22
1550,11,5,0,semi_detached,4,52,dual,178.97
807,12,2,0,semi_detached,2,67,gas,84.16
1166,10,3,1,semi_detached,3,62,dual,81.7
1359,8,2,0,semi_detached,3,5,electricity,100.36
1212,9,3,0,semi_detached,3,40,dual,85.14
1119,9,4,0,semi_detached,3,50,dual,113.15
531,6,1,0,apartment,1,10,dual,50
2033,15,6,0,semi_detached,5,40,electricity,300.15
1339,8,2,0,semi_detached,3,45,electricity,69.7
2191,12,3,0,detached,5,39,electricity,230.84
1297,10,2,1,semi_detached,3,92,electricity,200.06
967,5,2,0,apartment,2,15,dual,50
1273,5,4,1,semi_detached,3,2,dual,87.53
686,10,2,0,terraced,2,67,electricity,107.5
1863,11,4,0,detached,4,45,gas,202.43
1465,11,6,0,terraced,4,69,gas,121.98
902,5,1,0,apartment,2,42,gas,50
772,11,1,1,semi_detached,2,43,electricity,145.45
1923,9,7,0,semi_detached,5,63,dual,90.77
1168,11,3,1,semi_detached,3,46,dual,90.92
1819,12,6,0,detached,4,49,gas,153.24
1446,12,2,0,terraced,4,69,gas,137.38
406,5,1,0,semi_detached,1,21,electricity,50
1155,13,2,0,terraced,3,63,gas,162.6
1589,8,4,0,semi_detached,4,5,gas,125.72
1285,7,3,0,detached,3,34,electricity,78.45
971,5,2,1,apartment,2,20,electricity,52.95
2500,9,5,0,detached,6,35,gas,119.58
824,4,2,0,apartment,2,6,electricity,52.83
1234,9,2,0,semi_detached,3,29,electricity,85.09
1715,8,2,0,detached,4,18,dual,62.86
1417,8,3,0,detached,3,21,electricity,109.3
1039,11,2,1,terraced,3,36,electricity,82.68
1569,12,6,0,semi_detached,4,72,gas,217.87
483,12,1,1,terraced,1,45,dual,64.19
698,8,2,1,semi_detached,2,26,gas,102.06
1160,8,3,0,semi_detached,3,23,dual,88.85
1292,7,1,0,semi_detached,3,49,gas,59.05
1646,8,6,0,semi_detached,4,61,electricity,164.98
1568,14,3,0,semi_detached,4,70,dual,237.8
1097,9,3,0,terraced,3,29,dual,102.61
1134,11,4,0,semi_detached,3,65,electricity,157.13
2484,7,4,0,detached,6,48,electricity,153.3
2340,5,4,1,detached,5,22,dual,121.35
1574,10,3,1,terraced,4,48,gas,244.88
867,7,1,1,semi_detached,2,32,dual,71.33
880,14,1,1,semi_detached,2,38,dual,194.48
1142,4,2,0,detached,3,34,electricity,53.96
887,5,2,0,apartment,2,11,dual,57.54
1050,7,2,0,terraced,3,17,dual,79.96
504,10,2,0,semi_detached,1,62,electricity,88.03
822,7,2,1,terraced,2,18,gas,50
400,8,2,0,apartment,1,10,dual,50
1657,5,6,0,semi_detached,4,24,electricity,150.09
1095,11,3,1,terraced,3,124,gas,177.28
1697,9,4,0,semi_detached,4,30,gas,180.49
1198,15,4,0,semi_detached,3,70,dual,211.76
1893,6,4,0,detached,4,28,electricity,134.26
2004,6,3,0,detached,4,71,electricity,83.5
1074,7,4,0,semi_detached,3,43,dual,69.51
1224,13,2,0,semi_detached,3,27,dual,111.83
2159,9,4,1,detached,5,68,gas,117.72
781,13,2,0,terraced,2,54,dual,109.59
1160,8,4,0,semi_detached,3,31,dual,139.89
1290,10,4,0,semi_detached,3,26,dual,161.45
965,6,1,0,semi_detached,2,26,dual,50
1559,5,3,1,semi_detached,4,24,dual,76.96
445,6,1,0,terraced,1,31,gas,50
1518,7,6,0,semi_detached,4,12,dual,105.56
1172,6,2,1,terraced,3,43,gas,115.62
1149,11,2,0,terraced,3,29,gas,104.04
1086,8,3,0,semi_detached,3,31,gas,93.21
1896,12,4,1,detached,4,32,electricity,285.63
400,15,1,0,terraced,1,30,electricity,89.76
1274,5,4,0,semi_detached,3,31,electricity,106
657,14,2,0,semi_detached,2,20,electricity,121.35
786,13,2,0,semi_detached,2,51,dual,102.22
2152,11,7,0,detached,5,43,dual,212.84
1867,7,3,1,detached,4,38,dual,75.11
1229,4,4,0,detached,3,10,electricity,115.77
765,6,2,0,semi_detached,2,19,dual,50
1532,15,4,0,semi_detached,4,69,dual,286.5
1274,11,1,0,semi_detached,3,69,dual,67.55
458,8,2,0,apartment,1,19,gas,72.24
1295,12,3,0,semi_detached,3,65,dual,145.96
1405,8,2,0,detached,3,23,gas,58.17
465,7,2,0,apartment,1,24,dual,50.44
783,8,1,0,terraced,2,24,dual,64.11
2500,4,6,0,detached,6,10,gas,73.69
417,7,1,0,semi_detached,1,31,electricity,50
838,12,3,0,terraced,2,45,dual,81.32
918,4,3,0,apartment,2,19,gas,50
481,6,1,0,apartment,1,25,dual,50
928,6,1,0,apartment,2,19,electricity,50
1135,6,2,0,terraced,3,24,dual,50
1162,15,1,0,terraced,3,63,dual,88.14
407,6,1,0,apartment,1,17,gas,53.04
776,10,3,0,terraced,2,21,electricity,146.09
846,3,2,0,apartment,2,22,gas,52.52
1928,10,2,0,detached,4,69,gas,113.45
459,5,1,0,apartment,1,0,electricity,50
2133,8,4,1,detached,5,34,gas,223.15
1982,6,2,0,detached,4,106,dual,59.24
782,11,1,0,semi_detached,2,58,dual,65.64
1734,6,4,0,detached,4,38,gas,119.36
653,12,2,0,semi_detached,2,30,electricity,129.11
1369,7,3,0,apartment,3,6,dual,58.98
400,14,1,1,terraced,1,38,electricity,113.75
1329,11,4,0,detached,3,49,gas,112.47
1443,10,3,0,detached,3,55,gas,159.98
754,1,1,0,semi_detached,2,2,dual,50
1783,10,3,0,detached,4,54,gas,104.64
400,8,1,0,semi_detached,1,49,dual,50
1297,5,4,0,detached,3,10,electricity,63.76
1156,11,3,0,terraced,3,49,electricity,143.42
505,5,1,0,apartment,1,31,dual,50
1949,11,4,0,semi_detached,5,25,gas,196.19
1965,8,8,0,semi_detached,5,31,electricity,136.78
1254,12,2,0,semi_detached,3,64,dual,105.69
1192,14,3,0,semi_detached,3,36,dual,192.31
926,7,2,0,apartment,2,7,electricity,64.94
884,8,2,0,apartment,2,29,dual,62.23
1077,6,3,0,terraced,3,9,dual,66.93
526,3,1,0,apartment,1,39,electricity,50
1260,12,4,0,terraced,3,67,electricity,227.15
1170,8,2,1,semi_detached,3,41,dual,121.16
1146,12,2,0,semi_detached,3,74,electricity,116.64
884,7,3,0,apartment,2,30,electricity,101.77
1849,,4,0,detached,4,73,gas,170.8
1602,11,6,0,semi_detached,4,20,dual,188.6
1145,8,3,0,terraced,3,32,dual,66.61
1180,14,2,0,terraced,3,57,dual,124.6
1319,14,3,0,terraced,3,100,dual,222.65
457,4,1,0,apartment,1,31,gas,50
1545,7,3,0,semi_detached,4,37,electricity,74.18
446,9,1,0,apartment,1,45,dual,50
1705,12,4,0,detached,4,71,dual,155.06
1154,13,4,0,semi_detached,3,57,electricity,175.57
995,3,2,1,apartment,2,26,dual,76.45
409,8,1,0,terraced,1,25,dual,50
2009,11,4,0,semi_detached,5,62,electricity,167.24
1201,10,3,0,semi_detached,3,43,dual,109
865,4,2,0,detached,2,50,dual,50
626,11,1,0,terraced,2,51,gas,51.6
1182,10,3,0,terraced,3,27,electricity,139.31
1089,10,3,0,terraced,3,7,electricity,70.76
1577,14,5,0,terraced,4,61,electricity,161.11
1259,5,3,0,semi_detached,3,24,electricity,61.05
1136,13,2,0,semi_detached,3,64,dual,107.47
2139,7,4,1,detached,5,22,dual,133.79
1587,15,3,0,semi_detached,4,47,electricity,222.75
478,4,1,0,apartment,1,23,electricity,50
1086,12,4,1,terraced,3,33,dual,229.49
1194,9,1,1,terraced,3,53,gas,59.54
2342,13,6,0,detached,5,56,dual,238.52
1253,14,3,0,terraced,3,70,dual,188.33
1211,13,2,1,semi_detached,3,73,dual,139.25
1268,4,4,0,terraced,3,1,dual,76.75
1080,14,4,0,terraced,3,105,gas,145.76
1342,11,2,0,semi_detached,3,39,electricity,131.7
1279,11,2,1,semi_detached,3,64,dual,139.41
1364,10,4,0,apartment,3,46,gas,155.28
1348,4,3,0,apartment,3,4,electricity,74.58
1158,12,3,0,terraced,3,61,dual,95.09
439,3,1,1,apartment,1,11,dual,50
1651,9,3,0,semi_detached,4,31,gas,78.68
1520,14,4,0,semi_detached,4,56,dual,185.27
871,9,3,1,apartment,2,47,dual,112.84
400,9,1,1,semi_detached,1,65,electricity,62.69
907,10,2,0,apartment,2,31,electricity,85.58
2269,13,4,0,detached,5,97,dual,207.57
2121,15,8,0,detached,5,64,gas,349.21
400,14,2,0,semi_detached,1,46,gas,98.22
1523,13,4,0,semi_detached,4,54,gas,241.05
762,6,3,0,semi_detached,2,61,gas,67.5
814,11,3,0,terraced,2,65,electricity,116
752,7,1,1,terraced,2,41,electricity,51.45
1541,9,4,0,semi_detached,4,31,electricity,146.92
1124,9,3,0,terraced,3,22,dual,116.68
1388,4,3,0,apartment,3,6,dual,58.5
1578,12,6,0,semi_detached,4,56,dual,136.73
1569,11,6,1,semi_detached,4,36,gas,215.74
1600,6,5,0,semi_detached,4,46,dual,62.61
1206,4,3,0,semi_detached,3,19,dual,87.96
1108,11,1,0,terraced,3,70,electricity,50.93
1936,6,5,1,semi_detached,5,21,dual,159.2
1106,13,1,0,terraced,3,29,dual,104.81
930,3,2,0,apartment,2,10,dual,54.57
1234,14,3,0,detached,3,39,dual,205.93
400,7,2,0,terraced,1,35,gas,65.26
800,10,1,1,terraced,2,51,gas,119.79
1194,9,2,0,terraced,3,46,gas,64.67
1161,5,2,1,terraced,3,38,gas,58.1
1353,11,2,0,semi_detached,3,68,electricity,87.95
1104,8,2,0,terraced,3,34,electricity,62.03
846,6,1,0,apartment,2,24,dual,50
1802,4,2,0,detached,4,4,dual,75.95
1804,11,5,0,detached,4,71,gas,217.73
1196,,3,0,terraced,3,72,electricity,188.37
1956,6,2,0,detached,4,18,electricity,96.49
806,12,2,1,terraced,2,41,gas,174.49
1708,8,4,0,semi_detached,4,22,electricity,98
1121,10,3,0,semi_detached,3,35,electricity,81.33
860,6,2,0,apartment,2,19,dual,70.41
779,6,3,0,terraced,2,21,dual,51.5
2050,9,5,0,detached,5,29,dual,80.97
1149,9,2,0,semi_detached,3,42,electricity,69.15
1207,15,3,0,semi_detached,3,57,electricity,274.1
1150,10,2,0,terraced,3,23,electricity,78.42
1607,10,5,1,semi_detached,4,44,dual,273.23
1356,6,3,1,apartment,3,53,electricity,79.19
400,7,1,0,apartment,1,21,electricity,50
460,12,1,0,terraced,1,66,dual,82.61
1154,6,2,0,semi_detached,3,29,dual,67.4
987,5,2,0,apartment,2,25,dual,53.66
2500,12,5,0,detached,6,49,dual,214.18
2416,8,6,1,detached,5,21,electricity,152.42
1825,8,5,0,detached,4,78,gas,82.26
476,9,1,1,apartment,1,41,electricity,60.36
1882,7,3,0,detached,4,41,electricity,65.94
729,10,2,0,terraced,2,51,gas,61.42
1748,7,2,1,semi_detached,4,24,dual,156.86
1237,3,2,0,semi_detached,3,22,dual,50
2281,8,4,1,detached,5,26,dual,107.72
1342,4,3,0,semi_detached,3,8,dual,63.38
2314,13,4,0,detached,5,54,electricity,171.34
1697,9,5,0,detached,4,108,gas,104.1
731,9,1,1,terraced,2,23,gas,92.37
2173,9,3,1,detached,5,46,dual,91.85
1105,10,2,1,semi_detached,3,27,dual,150.71
2250,7,6,0,detached,5,32,electricity,125.86
775,10,1,0,terraced,2,63,electricity,50
1287,12,3,0,semi_detached,3,31,electricity,144.45
2168,11,5,0,detached,5,62,electricity,141.16
580,11,2,0,semi_detached,1,55,dual,89.81
1942,11,4,0,semi_detached,5,9,gas,107.38
1361,8,4,0,semi_detached,3,23,dual,103.42
549,2,1,0,apartment,1,25,dual,50
411,12,2,0,terraced,1,45,gas,103.08
1231,7,2,1,semi_detached,3,51,electricity,60.18
1247,5,4,0,semi_detached,3,0,dual,73.15
863,13,1,0,terraced,2,63,gas,107.46
725,7,2,0,terraced,2,31,dual,63.75
402,8,1,0,apartment,1,7,dual,50
1539,11,4,0,semi_detached,4,60,dual,100.34
1022,10,4,0,terraced,3,47,dual,90.67
496,2,1,0,apartment,1,0,dual,50
1198,11,2,0,semi_detached,3,36,gas,76.69
2067,13,5,1,semi_detached,5,62,electricity,412.12
867,5,1,0,semi_detached,2,8,electricity,50
1131,11,3,0,semi_detached,3,72,dual,113.81
1127,10,4,0,terraced,3,38,dual,95.5
1329,2,2,0,apartment,3,20,dual,52.03
1764,10,5,0,detached,4,68,electricity,212.81
1141,11,2,0,terraced,3,39,electricity,133.03
837,8,1,0,semi_detached,2,31,electricity,55.71
899,8,2,0,semi_detached,2,16,electricity,78.43
1205,12,2,1,semi_detached,3,38,gas,142.97
1634,12,4,1,semi_detached,4,42,gas,139.61
400,6,1,0,terraced,1,5,dual,50
870,9,2,0,apartment,2,31,dual,71.99
466,5,1,0,apartment,1,21,dual,50
1489,10,4,0,terraced,4,38,dual,177
1235,12,1,0,semi_detached,3,65,electricity,108.6
2403,3,8,0,detached,5,25,dual,69.74
1230,2,1,0,semi_detached,3,23,electricity,50
828,7,2,1,terraced,2,24,dual,84.29
1241,8,1,0,semi_detached,3,7,dual,50
514,5,2,0,apartment,1,6,electricity,50
424,10,2,0,terraced,1,46,dual,82.06
1550,6,5,1,semi_detached,4,40,gas,72.54
1265,8,4,1,semi_detached,3,57,electricity,163.92
1758,9,3,0,detached,4,29,gas,70.01
1599,15,3,0,semi_detached,4,42,dual,210.44
2300,1,4,0,detached,5,2,dual,50
1429,12,3,1,detached,3,53,electricity,131.35
1345,10,3,0,detached,3,32,dual,73.42
1462,14,4,0,terraced,4,62,electricity,263.03
1502,10,5,0,terraced,4,26,dual,154.35
459,6,1,0,semi_detached,1,32,gas,50
1416,5,3,0,apartment,3,28,gas,55.14
1814,7,3,0,detached,4,50,dual,62.08
1124,13,4,0,terraced,3,50,gas,226.16
1367,11,2,0,apartment,3,58,dual,103.42
1264,6,2,1,semi_detached,3,26,dual,55.26
740,10,1,0,terraced,2,32,electricity,50.51
833,1,1,0,apartment,2,25,dual,50
1232,10,3,0,semi_detached,3,50,dual,122.53
1182,7,4,0,semi_detached,3,18,electricity,103.35
789,3,2,0,terraced,2,0,dual,50
1364,8,2,1,semi_detached,3,28,dual,97.23
424,7,1,0,apartment,1,20,gas,50
1195,13,3,1,semi_detached,3,46,dual,114.88
476,5,2,0,apartment,1,2,dual,50
1141,6,3,0,terraced,3,4,gas,80.42
424,9,1,0,terraced,1,48,electricity,50
883,10,1,0,terraced,2,43,dual,60.02
1061,13,3,0,semi_detached,3,50,electricity,146.78
1148,13,2,0,semi_detached,3,39,electricity,114.36
1530,12,2,0,semi_detached,4,54,dual,80.66
1935,12,3,0,detached,4,50,gas,210.28
2500,12,7,0,detached,6,119,gas,178.79
1022,8,1,1,semi_detached,3,34,dual,50
431,13,1,1,terraced,1,69,dual,60.37
713,9,1,0,terraced,2,28,gas,65.63
413,14,1,1,terraced,1,49,electricity,109.6
886,1,2,0,apartment,2,9,gas,50
1849,14,4,0,detached,4,72,dual,144.16
1232,7,2,0,semi_detached,3,19,gas,53.14
1410,7,4,0,detached,3,54,electricity,88.34
1547,12,3,0,terraced,4,35,dual,108.27
409,4,1,0,apartment,1,31,electricity,50
1225,1,1,1,detached,3,48,electricity,56.76
1623,12,4,0,semi_detached,4,54,gas,127.3
432,8,1,0,apartment,1,32,electricity,50
1696,1,4,0,detached,4,4,dual,50
1118,8,2,0,terraced,3,66,electricity,92.47
1200,10,4,0,semi_detached,3,29,dual,97.75
751,13,1,0,terraced,2,68,gas,99.41
1267,14,4,0,semi_detached,3,32,dual,156.82
1118,11,4,1,semi_detached,3,68,gas,175.34
741,9,2,0,semi_detached,2,28,electricity,50.45
528,7,1,0,apartment,1,35,dual,50
449,6,2,0,semi_detached,1,19,electricity,50
1259,9,2,0,semi_detached,3,48,dual,86.74
868,14,3,0,semi_detached,2,64,gas,172.68
1186,6,1,0,semi_detached,3,31,gas,50
1160,11,3,0,semi_detached,3,46,dual,109.53
793,13,2,0,terraced,2,54,electricity,132.46
1226,10,4,0,terraced,3,34,gas,134.31
400,10,1,0,terraced,1,22,dual,50
440,3,1,0,apartment,1,26,electricity,50
1197,6,3,1,terraced,3,52,electricity,120.39
1148,14,2,1,semi_detached,3,51,electricity,296.61
1271,15,3,0,semi_detached,3,59,dual,132.47
1326,7,3,0,semi_detached,3,31,dual,90.38
731,10,3,1,terraced,2,38,dual,60.33
958,5,1,0,apartment,2,26,electricity,50
1069,9,2,0,terraced,3,30,dual,64.15
1424,6,4,0,terraced,4,10,electricity,106.32
2257,9,3,0,detached,5,1,dual,114.8
1214,13,2,0,terraced,3,48,electricity,150.03
1322,13,4,0,semi_detached,3,36,gas,198.29
1603,8,5,0,terraced,4,23,dual,82.38
869,1,2,0,apartment,2,4,gas,59.48
1687,5,5,1,detached,4,45,electricity,179.37
450,7,1,0,apartment,1,32,dual,50
880,7,1,1,terraced,2,23,dual,68.68
709,9,2,0,terraced,2,68,dual,81.45
945,2,1,0,apartment,2,0,dual,50
755,13,2,0,terraced,2,73,electricity,144.52
400,7,1,0,semi_detached,1,43,dual,50
400,5,1,1,semi_detached,1,49,dual,56.22
422,6,2,0,apartment,1,21,dual,51.3
1875,5,4,1,detached,4,41,gas,195.53
940,4,3,0,apartment,2,9,dual,72.78
1016,,4,0,terraced,3,72,electricity,217.95
638,7,2,0,terraced,2,10,dual,50
1229,4,2,0,detached,3,30,gas,56.06
1043,12,3,0,terraced,3,107,electricity,162.55
920,6,3,1,detached,2,44,electricity,67.54
1326,10,3,0,semi_detached,3,36,gas,137.6
2180,9,5,0,semi_detached,5,31,gas,118.18
1467,8,4,0,semi_detached,4,35,dual,70.75
1117,6,2,0,terraced,3,29,dual,56.08
1051,5,2,0,semi_detached,3,1,dual,50
2453,8,6,0,detached,5,6,gas,185.13
1528,7,4,0,detached,3,52,gas,84.44
1615,4,4,0,semi_detached,4,26,electricity,96.62
891,5,1,0,apartment,2,28,electricity,50
1048,10,2,0,terraced,3,28,gas,86.47
455,3,1,0,semi_detached,1,30,gas,50
781,13,1,0,terraced,2,42,dual,74.45
1211,6,2,0,semi_detached,3,54,gas,70.9
2500,7,6,0,detached,6,72,electricity,114.26
2417,10,3,0,detached,5,3,dual,120.76
804,13,2,0,semi_detached,2,63,electricity,139.87
1314,7,3,0,semi_detached,3,31,dual,110.24
459,4,2,0,apartment,1,2,gas,50
1142,9,3,0,terraced,3,31,dual,129.2
478,11,1,0,apartment,1,36,gas,70.13
1345,12,2,0,semi_detached,3,31,dual,112.93
1241,12,3,0,semi_detached,3,56,gas,95.54
1236,8,3,1,semi_detached,3,26,electricity,200.33
1107,8,2,0,terraced,3,19,gas,50
1106,12,4,0,terraced,3,75,gas,202.7
2001,12,5,0,detached,5,74,dual,208.24
755,10,2,1,terraced,2,46,dual,137.88
1807,9,5,0,detached,4,58,electricity,183.53
400,,1,1,terraced,1,72,dual,50
475,1,2,0,apartment,1,9,gas,50
1214,9,4,0,semi_detached,3,32,electricity,76.52
796,9,1,0,semi_detached,2,65,dual,56.9
400,6,1,0,apartment,1,33,dual,50
726,6,1,0,semi_detached,2,54,dual,50
1207,8,2,0,terraced,3,22,dual,51.04
1242,9,1,0,semi_detached,3,28,electricity,90.81
1256,6,3,0,semi_detached,3,34,gas,55.32
1109,,2,1,terraced,3,71,gas,210.54
458,3,2,0,apartment,1,25,gas,50
1374,12,2,0,semi_detached,3,58,electricity,171.58
1092,15,3,0,terraced,3,63,electricity,143.03
2134,14,5,0,semi_detached,5,47,electricity,313.2
442,11,2,0,apartment,1,70,dual,96.76
827,10,3,0,terraced,2,33,gas,92.01
853,9,3,1,apartment,2,30,dual,87.06
1196,11,2,0,terraced,3,31,dual,90.96
833,7,2,0,semi_detached,2,36,dual,50.84
1947,8,6,0,semi_detached,5,20,dual,103.33
1156,7,3,0,semi_detached,3,37,dual,79.26
768,10,2,1,terraced,2,28,gas,116.85
457,7,1,0,semi_detached,1,28,dual,50
497,6,2,0,apartment,1,11,electricity,60.36
1411,9,2,0,apartment,3,34,gas,119.59
644,12,2,0,terraced,2,66,electricity,68.43
845,7,3,0,terraced,2,2,gas,82.16
1147,8,1,0,semi_detached,3,28,gas,80.92
962,7,1,0,semi_detached,2,30,gas,50
1671,8,5,1,detached,4,37,gas,167.7
2361,10,5,0,detached,5,28,gas,189.5
1137,7,2,0,semi_detached,3,25,gas,82.82
1314,6,2,0,apartment,3,6,dual,76.72
1127,11,4,0,semi_detached,3,54,gas,120.06
1509,8,4,0,semi_detached,4,22,dual,98.42
400,5,1,0,apartment,1,5,dual,50
400,13,1,1,terraced,1,41,dual,99.21
1464,8,4,0,semi_detached,4,25,dual,80.12
1584,12,4,1,semi_detached,4,48,gas,146.88
400,1,1,0,apartment,1,16,dual,50
756,12,2,0,terraced,2,58,gas,118.22
1139,8,1,0,semi_detached,3,29,dual,51.96
1115,7,3,0,terraced,3,4,electricity,98.38
1660,10,6,0,semi_detached,4,18,electricity,261.33
1248,9,2,0,semi_detached,3,33,dual,50.11
866,15,1,1,terraced,2,75,electricity,75.81
762,13,1,1,terraced,2,68,electricity,165.14
1067,7,3,0,semi_detached,3,6,electricity,64.15
2425,10,8,0,detached,5,33,electricity,156.71
867,9,3,0,semi_detached,2,47,dual,71.36
1167,12,4,0,semi_detached,3,53,gas,174.64
1215,13,3,0,semi_detached,3,50,dual,152.21
1266,10,1,0,semi_detached,3,0,dual,50
973,9,2,0,semi_detached,2,37,electricity,65.52
2270,8,5,0,detached,5,31,gas,197.5
1215,,1,1,terraced,3,93,electricity,101.88
400,2,1,0,apartment,1,26,dual,50
2177,,4,0,detached,5,91,electricity,206.98
455,9,1,0,apartment,1,42,gas,55.51
748,12,3,0,terraced,2,29,dual,117.01
400,4,2,0,apartment,1,24,dual,50
1834,1,4,0,detached,4,1,dual,54.8
1832,11,5,0,detached,4,66,dual,98.43
1183,11,3,0,semi_detached,3,65,gas,125.53
1626,9,5,1,semi_detached,4,39,gas,106.93
1192,7,4,0,semi_detached,3,41,gas,130.76
1162,7,1,0,semi_detached,3,34,dual,50
1593,8,2,0,semi_detached,4,32,electricity,75.71
1276,11,4,0,semi_detached,3,62,dual,131.73
435,9,1,0,apartment,1,29,gas,61.17
400,7,2,0,semi_detached,1,34,dual,50.79
1588,12,5,0,semi_detached,4,46,dual,135.39
456,11,2,0,semi_detached,1,82,electricity,74.66
403,3,2,0,apartment,1,25,electricity,50
1105,8,3,0,terraced,3,29,electricity,82.59
1665,10,3,0,semi_detached,4,34,gas,135.24
1238,10,2,0,terraced,3,43,gas,105.67
400,7,2,1,apartment,1,19,electricity,50
2094,14,4,0,semi_detached,5,57,electricity,327.15
1182,14,3,0,terraced,3,56,dual,184.59
1123,11,1,0,terraced,3,23,electricity,92.34
2254,13,3,0,detached,5,81,gas,111.14
1517,9,5,0,semi_detached,4,59,dual,113.49
1474,13,3,0,detached,3,74,dual,147.36
2500,12,4,0,detached,6,20,dual,211.99
1683,5,5,0,semi_detached,4,0,dual,106.04
1628,5,3,0,semi_detached,4,51,electricity,88.62
1191,9,3,1,terraced,3,28,dual,72.62
400,13,2,0,terraced,1,60,gas,74.59
1628,13,3,0,semi_detached,4,71,dual,155.07
1309,6,1,0,semi_detached,3,30,gas,51.57
729,,2,0,semi_detached,2,79,dual,50
1328,8,2,0,terraced,3,30,dual,74.79
493,7,1,0,apartment,1,74,electricity,52.09
1222,8,2,1,terraced,3,30,gas,68.5
2200,3,7,1,detached,5,39,electricity,104.97
400,5,2,0,apartment,1,0,dual,52.1
1225,5,2,0,semi_detached,3,4,gas,74.2
1090,10,3,1,terraced,3,45,electricity,103.62
1390,9,1,0,semi_detached,3,20,electricity,94.32
700,,2,0,terraced,2,71,electricity,85.81
622,11,2,0,terraced,2,61,gas,88.24
1331,9,2,0,detached,3,51,dual,76.9
400,10,1,1,semi_detached,1,46,dual,67.76
1470,10,6,0,semi_detached,4,31,dual,223.34
1126,11,3,0,semi_detached,3,29,dual,77.04
1667,10,4,0,detached,4,56,dual,128.04
907,9,2,1,terraced,2,7,dual,111.74
1242,11,2,1,semi_detached,3,60,dual,198.25
1258,12,2,0,terraced,3,67,dual,122.88
1222,10,3,1,terraced,3,34,electricity,116.2
413,8,1,0,apartment,1,19,gas,50
1593,6,3,0,semi_detached,4,35,gas,59.88
2174,14,3,1,detached,5,65,electricity,407.56
2243,8,5,0,detached,5,32,dual,169.68
1169,6,2,0,semi_detached,3,19,gas,79.16
1212,15,2,1,semi_detached,3,47,electricity,128.03
1395,10,3,0,semi_detached,4,52,electricity,91.27
473,7,1,1,apartment,1,30,dual,50
2500,11,5,0,detached,6,38,gas,211.27
795,12,2,1,terraced,2,69,gas,120.47
1250,5,3,0,semi_detached,3,22,electricity,93
917,8,2,1,apartment,2,16,gas,114.17
1179,11,3,0,semi_detached,3,58,gas,82.78
1012,5,3,0,apartment,2,4,gas,51.47
1163,10,2,0,semi_detached,3,53,electricity,115.62
845,9,3,1,terraced,2,34,electricity,68.92
1507,4,5,0,semi_detached,4,0,electricity,88.68
743,11,2,0,terraced,2,28,gas,85.84
1193,3,2,1,semi_detached,3,16,dual,50
1284,1,2,0,detached,3,11,dual,50
1176,9,3,0,semi_detached,3,20,dual,103.4
1590,4,4,0,semi_detached,4,45,gas,69.3
2200,2,7,0,detached,5,21,gas,83.81
1655,10,6,0,semi_detached,4,62,electricity,235.06
2352,7,6,1,detached,5,99,gas,112.96
2200,7,8,0,detached,5,37,electricity,158.86
1737,10,5,0,detached,4,31,dual,117.13
934,5,2,0,apartment,2,21,dual,53.52
459,5,2,0,apartment,1,14,gas,67.94
1144,10,1,0,semi_detached,3,27,dual,63.23
870,3,2,0,apartment,2,25,electricity,58.11
2500,9,7,0,detached,6,12,electricity,197.07
1093,,2,0,semi_detached,3,72,gas,114.48
1298,15,2,0,semi_detached,3,49,dual,228.99
1193,8,3,0,semi_detached,3,36,gas,84.04
1509,9,2,1,terraced,4,36,gas,196.83
1932,9,6,0,semi_detached,5,35,gas,109.34
815,2,1,0,apartment,2,4,dual,50
1131,11,3,0,terraced,3,47,dual,78.73
1592,4,5,1,semi_detached,4,31,gas,153.45
2017,9,5,0,semi_detached,5,34,electricity,107.9
1687,6,4,0,semi_detached,4,8,dual,75.8
1153,5,3,0,semi_detached,3,21,dual,70.93
2260,9,6,1,detached,5,30,dual,105.98
1828,11,6,1,detached,4,46,electricity,146.46
842,7,2,0,semi_detached,2,3,gas,51.94
428,7,2,0,apartment,1,42,gas,60.49
885,7,2,0,apartment,2,28,dual,82.56
837,7,1,0,terraced,2,71,gas,60.65
400,5,2,0,semi_detached,1,1,dual,52.99
1170,10,3,0,terraced,3,24,gas,81
1630,9,4,1,semi_detached,4,52,gas,154.61
829,12,3,0,apartment,2,58,gas,108.19
455,11,1,0,semi_detached,1,30,dual,50
1084,4,3,0,semi_detached,3,12,electricity,67.38
623,5,3,1,semi_detached,2,26,dual,84.56
2195,3,8,0,detached,5,1,dual,119.17
2183,10,4,0,detached,5,23,gas,134.56
1205,8,3,0,semi_detached,3,30,dual,57.8
461,8,1,0,terraced,1,31,dual,50
443,3,1,0,apartment,1,6,dual,50
1292,5,4,0,semi_detached,3,26,electricity,109.13
711,10,1,0,terraced,2,61,dual,61.75
1568,9,5,0,semi_detached,4,44,gas,122.79
1222,4,3,0,semi_detached,3,29,dual,91.03
1223,9,3,0,semi_detached,3,47,dual,124.3
742,13,1,1,terraced,2,39,gas,156.62
1265,8,4,0,semi_detached,3,34,dual,97.17
1585,9,5,0,semi_detached,4,40,dual,69.29
1196,5,3,0,semi_detached,3,28,electricity,73.46
886,4,1,0,apartment,2,11,dual,50
400,14,1,1,terraced,1,43,electricity,60.54
721,9,2,0,terraced,2,53,dual,78.25
783,7,2,0,semi_detached,2,11,dual,61.16
1016,10,2,0,semi_detached,3,21,electricity,85.44
1813,14,5,0,detached,4,70,dual,179.87
1324,8,1,0,semi_detached,3,51,dual,62.16
1409,6,1,0,detached,3,30,gas,52.87
2500,8,5,0,detached,6,18,dual,126.66
1154,13,3,0,terraced,3,53,dual,151.22
1141,14,3,0,terraced,3,56,dual,194.16
944,5,3,0,apartment,2,6,gas,68.48
1214,14,3,0,terraced,3,60,dual,102.98
1230,11,2,0,semi_detached,3,52,electricity,80.07
2500,6,6,1,detached,6,4,dual,206.35
1667,3,5,0,semi_detached,4,8,dual,79.86
1186,7,4,0,semi_detached,3,3,dual,80.89
1688,12,6,0,semi_detached,4,61,gas,167.5
1706,4,4,0,detached,4,22,gas,98.15
1426,3,3,0,apartment,3,9,dual,69.65
1730,6,5,0,detached,4,29,electricity,76.64
1317,1,3,0,apartment,3,6,dual,63.51
1224,12,4,0,semi_detached,3,75,electricity,144.26
1178,11,3,1,semi_detached,3,47,gas,231.82
444,6,1,0,apartment,1,8,dual,50
1199,11,3,0,terraced,3,45,dual,86.46
504,6,2,0,apartment,1,22,dual,52.81
1143,6,1,0,semi_detached,3,43,gas,58.31
1624,7,5,0,semi_detached,4,18,electricity,123.56
1054,5,4,0,terraced,3,25,electricity,67.94
661,13,3,0,semi_detached,2,123,electricity,117.74
1363,12,3,0,terraced,4,73,electricity,105.26
1138,7,4,0,semi_detached,3,12,dual,111.38
1798,15,5,0,detached,4,42,dual,221
845,5,2,0,apartment,2,21,electricity,70.27
1230,11,3,0,semi_detached,3,28,dual,147.1
1090,8,3,1,semi_detached,3,20,dual,96.79
2009,10,6,0,semi_detached,5,27,gas,110.77
1167,10,3,0,semi_detached,3,63,electricity,133.28
1236,10,3,0,semi_detached,3,24,electricity,105.37
812,11,3,0,terraced,2,72,dual,82.25
1707,9,6,0,semi_detached,4,9,dual,99.02
1077,3,2,0,semi_detached,3,1,dual,50
917,10,3,0,semi_detached,2,29,dual,84.86
906,11,1,0,terraced,2,35,dual,71.23
1050,9,2,0,terraced,3,6,dual,91.65
1933,10,6,0,semi_detached,5,39,electricity,253.52
1803,8,2,0,detached,4,41,gas,77.06
763,12,1,0,semi_detached,2,52,electricity,54.43
1553,11,5,0,terraced,4,32,gas,158.67
1758,13,5,0,semi_detached,4,111,dual,285.2
916,9,3,0,apartment,2,39,dual,81.1
1198,15,2,0,semi_detached,3,45,electricity,212.42
924,10,3,0,detached,2,47,electricity,142.21
472,14,1,0,terraced,1,51,gas,103.58
1170,11,3,0,terraced,3,0,dual,87.39
779,9,2,0,terraced,2,40,gas,87.29
1686,3,5,0,detached,4,2,dual,77.54
688,11,2,0,terraced,2,49,dual,77.93
1208,8,4,0,semi_detached,3,38,dual,142.41
1182,11,4,0,semi_detached,3,65,gas,149.49
743,14,3,0,terraced,2,61,electricity,176.34
1348,12,4,0,terraced,4,45,dual,154.53
443,6,1,1,apartment,1,35,dual,50
1186,6,3,0,semi_detached,3,10,dual,58.63
1890,8,5,0,detached,4,51,electricity,113.99
1081,14,4,0,terraced,3,44,electricity,246.66
457,6,2,0,apartment,1,29,electricity,50
467,3,1,0,apartment,1,5,electricity,50
1544,8,4,0,semi_detached,4,40,dual,99.19
1057,13,3,1,terraced,3,50,dual,169.18
1051,14,3,0,terraced,3,93,gas,132.74
784,9,2,0,terraced,2,17,gas,79.12
400,11,2,0,apartment,1,41,electricity,74.7
1972,6,6,0,detached,4,38,dual,109.57
1116,12,2,0,terraced,3,28,dual,83.29
1234,10,3,0,semi_detached,3,55,gas,119.34
2282,4,6,0,detached,5,18,electricity,140.36
489,5,2,0,semi_detached,1,31,dual,53.04
1182,3,3,0,semi_detached,3,51,gas,66.46
402,6,2,0,apartment,1,10,electricity,50.04
1168,5,1,0,semi_detached,3,23,dual,57.31
1566,7,3,1,semi_detached,4,37,dual,81.85
2051,9,3,0,detached,4,41,dual,136.34
1191,10,3,0,semi_detached,3,74,dual,75.54
400,5,1,0,apartment,1,22,electricity,50
460,3,2,0,apartment,1,22,electricity,50
1287,8,3,0,semi_detached,3,5,dual,62.41
1169,15,2,0,terraced,3,60,dual,196.46
1823,10,5,0,detached,4,0,gas,182.31
814,,3,0,terraced,2,73,dual,81.36
963,6,2,0,apartment,2,23,dual,50
809,8,3,1,terraced,2,19,gas,76.38
400,10,2,0,apartment,1,23,dual,83.55
1153,9,4,0,detached,3,72,gas,124.27
766,7,3,1,terraced,2,28,electricity,93.22
400,4,2,0,apartment,1,12,electricity,56.65
1238,14,2,0,detached,3,65,gas,134.37
1237,15,3,1,semi_detached,3,53,dual,285.76
892,9,1,0,apartment,2,20,electricity,51.06
1887,13,5,0,detached,4,60,electricity,304.03
402,15,1,0,semi_detached,1,65,dual,83.56
439,7,1,0,apartment,1,39,electricity,50
822,9,3,0,semi_detached,2,33,gas,60.89
1176,9,3,0,terraced,3,39,gas,95.57
1708,10,4,1,detached,4,37,electricity,160.55
1964,14,3,0,semi_detached,5,55,gas,258.33
789,12,2,0,semi_detached,2,42,dual,84.82
745,10,1,0,terraced,2,32,dual,56.1
1229,12,4,0,detached,3,68,dual,103.35
1084,12,4,0,terraced,3,53,dual,183.37
1600,5,4,0,semi_detached,4,34,electricity,94.73
2500,,7,0,detached,6,81,electricity,253.8
2500,12,6,0,detached,6,74,gas,224.9
1577,15,6,0,terraced,4,49,electricity,400.44
1118,8,3,0,semi_detached,3,40,electricity,101.06
781,9,2,0,semi_detached,2,29,dual,59.92
1274,9,3,0,semi_detached,3,63,dual,99.55
1345,6,2,0,apartment,3,8,dual,52.89
2296,6,3,0,detached,5,18,dual,105.6
1181,10,4,0,semi_detached,3,22,dual,91.33
1122,14,4,0,terraced,3,111,dual,245.3
2500,5,4,0,detached,6,72,electricity,121.07
1400,12,2,0,detached,3,29,dual,137.05
1192,12,2,0,terraced,3,42,gas,121.65
400,10,2,0,terraced,1,99,gas,52.04
1302,14,4,0,semi_detached,3,74,gas,207.39
1558,12,4,0,semi_detached,4,43,electricity,179.13
469,4,1,0,apartment,1,12,electricity,50
1977,9,5,0,detached,4,64,gas,105.7
1071,12,2,0,terraced,3,74,dual,123.72
619,9,2,0,terraced,2,42,dual,80.23
1252,7,3,0,semi_detached,3,41,dual,77.3
1132,14,4,0,semi_detached,3,67,electricity,222.37
775,11,3,0,semi_detached,2,24,electricity,104.19
743,9,1,0,terraced,2,43,gas,50
2500,5,5,0,detached,6,41,electricity,101.11
2170,9,6,0,semi_detached,5,37,dual,109.92
1216,6,3,0,semi_detached,3,55,dual,50
1262,8,1,0,semi_detached,3,10,gas,68.27
1002,11,2,0,terraced,3,72,electricity,97.23
1552,14,5,0,terraced,4,40,dual,275.73
727,9,3,1,semi_detached,2,52,dual,56.31
2072,11,6,0,semi_detached,5,54,dual,258.78
1647,15,3,0,semi_detached,4,48,dual,143.21
1251,5,1,0,semi_detached,3,25,gas,61.47
1664,12,2,1,semi_detached,4,47,dual,239.6
1189,13,2,1,semi_detached,3,43,dual,110.48
1268,7,3,1,semi_detached,3,17,electricity,109.55
879,14,1,1,terraced,2,50,dual,183.3
749,12,1,0,terraced,2,56,electricity,57.32
2500,8,5,0,detached,6,70,dual,113.01
2308,3,4,0,detached,5,14,dual,50
743,12,2,0,terraced,2,63,gas,94.84
1583,10,3,0,semi_detached,4,50,electricity,137.16
810,2,3,0,apartment,2,9,gas,66.2
1149,7,1,1,semi_detached,3,31,electricity,59.86
784,5,2,0,semi_detached,2,25,dual,51.8
1209,13,4,0,terraced,3,43,dual,155.27
743,12,2,0,terraced,2,53,gas,66.15
633,12,1,0,terraced,2,29,dual,55.13
916,4,3,0,apartment,2,0,dual,50.31
817,13,2,0,semi_detached,2,72,electricity,84.59
1207,4,3,0,semi_detached,3,34,electricity,72.84
879,5,1,0,apartment,2,8,dual,50
1012,9,2,0,semi_detached,3,56,gas,100.86
717,12,2,0,semi_detached,2,26,electricity,114.55
738,8,3,0,semi_detached,2,52,electricity,54.48
400,10,1,1,terraced,1,44,dual,50
758,7,2,0,terraced,2,43,electricity,92.14
1082,14,2,0,terraced,3,72,gas,167.06
1679,13,4,0,semi_detached,4,65,dual,177.47
1240,9,2,0,semi_detached,3,18,electricity,104.24
1188,9,2,0,terraced,3,31,dual,86.64
1254,2,2,0,detached,3,27,dual,50
2485,6,5,0,detached,5,18,dual,83.83
860,4,1,0,apartment,2,19,dual,50
1555,13,2,0,semi_detached,4,32,gas,148.73
1243,10,3,0,detached,3,32,dual,132.75
1132,7,2,0,terraced,3,36,electricity,76.73
400,5,1,0,apartment,1,12,dual,50
433,4,1,0,apartment,1,4,gas,50
483,3,1,0,apartment,1,25,gas,50
888,7,2,0,apartment,2,33,dual,50
906,6,3,0,apartment,2,3,gas,66.96
490,6,2,0,apartment,1,21,dual,63.79
1106,7,3,1,terraced,3,35,electricity,88.3
1568,12,4,0,semi_detached,4,52,electricity,251.86
2132,8,4,0,detached,5,7,electricity,171.97
2056,2,5,0,semi_detached,5,4,gas,106.41
1305,6,3,0,apartment,3,25,electricity,52.25
1315,10,3,0,apartment,3,59,dual,96.15
509,10,2,0,apartment,1,61,dual,58.45
438,5,1,0,apartment,1,18,dual,50
928,4,3,0,apartment,2,18,dual,51.98
1275,3,2,0,semi_detached,3,28,dual,50
1910,11,5,0,semi_detached,5,63,electricity,168.23
734,,1,0,terraced,2,88,dual,86.6
1168,13,3,0,semi_detached,3,38,dual,116.42
853,2,1,0,apartment,2,0,dual,50
1195,9,2,0,semi_detached,3,48,dual,61.6
1032,7,3,0,terraced,3,31,gas,78.02
1261,11,2,0,semi_detached,3,32,dual,67.51
1614,6,5,0,semi_detached,4,51,dual,70.49
1298,11,3,0,semi_detached,3,64,gas,185.77
1155,6,4,1,terraced,3,24,dual,71.05
693,11,1,0,semi_detached,2,42,dual,65.07
2334,5,6,1,detached,5,34,electricity,238.79
888,7,1,0,apartment,2,8,dual,50
587,12,1,0,semi_detached,2,65,gas,64.03
400,6,1,0,terraced,1,30,gas,50
1285,8,3,0,semi_detached,3,35,electricity,86.56
498,2,2,0,apartment,1,1,electricity,50
1254,8,3,0,semi_detached,3,46,gas,110.3
1123,10,1,0,terraced,3,44,dual,54.03
1134,12,3,0,semi_detached,3,43,gas,150.43
1200,8,3,1,terraced,3,45,dual,69.3
755,12,2,0,semi_detached,2,59,electricity,143.22
1537,7,6,1,semi_detached,4,28,dual,147.29
1462,10,4,1,terraced,4,46,dual,207.73
411,6,1,0,apartment,1,8,dual,50
709,11,2,1,semi_detached,2,40,electricity,167.78
2248,7,3,0,detached,5,69,gas,81.27
1545,7,3,1,semi_detached,4,26,dual,84.24
1199,5,1,0,semi_detached,3,62,gas,50
2500,6,6,0,detached,6,49,gas,141.16
1789,2,2,0,detached,4,31,dual,60.94
438,9,1,0,semi_detached,1,57,electricity,50
1497,9,5,0,semi_detached,4,39,electricity,161.81
412,2,1,0,apartment,1,7,dual,50
1313,8,4,0,semi_detached,3,60,gas,139.32
1446,3,3,0,semi_detached,4,5,dual,73.6
477,5,2,0,apartment,1,21,dual,60.98
1177,10,2,1,terraced,3,43,dual,74.95
912,5,1,0,apartment,2,25,electricity,50
780,15,2,1,semi_detached,2,70,gas,114.93
1141,7,3,0,semi_detached,3,43,gas,77.23
781,12,2,1,terraced,2,41,gas,77.36
667,9,1,0,semi_detached,2,32,gas,61.21
1682,4,5,0,detached,4,30,dual,122.76
741,9,3,0,terraced,2,40,electricity,111.35
1471,13,4,0,terraced,4,51,gas,109.73
1087,8,3,1,terraced,3,30,electricity,114.65
1790,4,5,0,detached,4,33,gas,104.79
692,11,2,1,terraced,2,53,gas,71.4
1081,12,1,0,terraced,3,59,gas,102.26
703,7,3,0,terraced,2,32,electricity,90.17
1785,14,5,0,detached,4,65,dual,238.25
1042,10,3,0,terraced,3,29,electricity,142.65
1487,10,4,1,terraced,4,4,dual,234.57
828,4,1,0,apartment,2,6,dual,50
1145,15,2,1,terraced,3,59,electricity,342.22
773,10,2,0,terraced,2,26,electricity,69.85
502,5,2,0,apartment,1,12,dual,50
1116,14,3,0,terraced,3,75,gas,164.89
764,6,3,0,terraced,2,1,dual,59.06
1670,8,4,0,semi_detached,4,42,dual,77.53
931,8,3,1,apartment,2,41,dual,63.29
2265,10,6,0,detached,5,50,electricity,268.59
1152,14,3,0,semi_detached,3,46,electricity,193.08
841,9,1,0,apartment,2,24,dual,50
503,5,1,0,apartment,1,19,electricity,50
400,9,1,0,semi_detached,1,51,gas,53.85
1104,8,4,0,terraced,3,101,electricity,121.74
2175,10,5,0,semi_detached,5,10,electricity,142.73
683,14,2,1,terraced,2,60,electricity,171.11
819,,1,0,terraced,2,72,electricity,88.25
1700,13,4,0,detached,4,74,gas,200.22
1159,10,1,0,terraced,3,26,dual,67.54
779,6,1,0,semi_detached,2,1,dual,50
905,5,3,1,apartment,2,0,gas,99.11
856,4,2,0,terraced,2,5,electricity,64.1
785,7,2,0,semi_detached,2,33,dual,50.54
400,2,1,0,apartment,1,7,electricity,50
689,9,1,0,semi_detached,2,31,gas,50
1262,13,3,0,semi_detached,3,74,dual,92.15
852,10,3,1,semi_detached,2,47,dual,73.17
686,12,2,0,terraced,2,54,gas,98.16
716,10,2,0,terraced,2,34,gas,75.62
2500,14,7,0,detached,6,36,gas,432.56